REM ***************************************************************
REM *   Insertar datos tabla: direccion                           *
REM ***************************************************************
INSERT INTO direccion VALUES(1,712,'Russell','Pensacola','FL',32590);
INSERT INTO direccion VALUES(2,15085,'Oriole','Los Angeles','CA',90040);
INSERT INTO direccion VALUES(3,4,'Becker','Erie','PA',16522);
INSERT INTO direccion VALUES(4,86238,'Graedel','Schenectady','NY',12305);
INSERT INTO direccion VALUES(5,6,'Sommers','Anchorage','AK',99522);
INSERT INTO direccion VALUES(6,6,'Bunker Hill','New York City','NY',10175);
INSERT INTO direccion VALUES(7,862,'Loomis','Fort Lauderdale','FL',33355);
INSERT INTO direccion VALUES(8,372,'Cordelia','Lakeland','FL',33811);
INSERT INTO direccion VALUES(9,65,'Becker','Philadelphia','PA',19146);
INSERT INTO direccion VALUES(10,662,'Ridge Oak','Van Nuys','CA',91406);
INSERT INTO direccion VALUES(11,9,'Hintze','San Francisco','CA',94121);
INSERT INTO direccion VALUES(12,200,'Arrowood','Pensacola','FL',32575);
INSERT INTO direccion VALUES(13,8,'Oneill','New York City','NY',10125);
INSERT INTO direccion VALUES(14,40181,'Logan','New Orleans','LA',70187);
INSERT INTO direccion VALUES(15,7,'Maryland','Fresno','CA',93704);
INSERT INTO direccion VALUES(16,3985,'Karstens','New York City','NY',10160);
INSERT INTO direccion VALUES(17,82036,'Melrose','Seattle','WA',98109);
INSERT INTO direccion VALUES(18,2078,'Acker','Rochester','MN',55905);
INSERT INTO direccion VALUES(19,35,'Graceland','Irvine','CA',92619);
INSERT INTO direccion VALUES(20,2274,'Kings','New York City','NY',10170);
INSERT INTO direccion VALUES(21,6681,'Springs','Oakland','CA',94622);
INSERT INTO direccion VALUES(22,46,'Duke','New Orleans','LA',70174);
INSERT INTO direccion VALUES(23,381,'Annamark','Tacoma','WA',98442);
INSERT INTO direccion VALUES(24,76321,'Arkansas','San Diego','CA',92153);
INSERT INTO direccion VALUES(25,55944,'Hoepker','Young America','MN',55564);
INSERT INTO direccion VALUES(26,1115,'Marcy','Fairbanks','AK',99709);
INSERT INTO direccion VALUES(27,88257,'Coolidge','Great Neck','NY',11024);
INSERT INTO direccion VALUES(28,94,'Northfield','Albany','NY',12247);
INSERT INTO direccion VALUES(29,792,'Eagan','Port Saint Lucie','FL',34985);
INSERT INTO direccion VALUES(30,9277,'Riverside','Garden Grove','CA',92645);
REM ***************************************************************
REM *   Insertar datos tabla: animal                              *
REM ***************************************************************
INSERT INTO animal VALUES('A00','Gato','Tiene garras y necesita un scratchpad para poderse mantener las unas.');
INSERT INTO animal VALUES('A01','Perro','Energeticos y juguetones, por lo que necesita un espacio amplio.');
INSERT INTO animal VALUES('A02','Conejo','Larga y se arrastra, necesita ramas para poder desplazarse.');
INSERT INTO animal VALUES('A03','Serpiente','Necesita siempre tener heno disponible en su espacio.');
INSERT INTO animal VALUES('A04','Caballo','Son tenaces y hay que peinarle el cabello a menudo.');
INSERT INTO animal VALUES('A05','Vaca','Les gusta estar entre ellas mismas y se asustan facilmente.');
INSERT INTO animal VALUES('A06','Cerdo','Les gusta rodarse en el lodo.');
INSERT INTO animal VALUES('A07','Guimo','No deben estar cerca de las serpientes porque pueden ser atacadas.');
INSERT INTO animal VALUES('A08','Raton','No pueden estar solas, deben estar alrededor de otras ratas.');
INSERT INTO animal VALUES('A09','Huron','Son curiosos, no deben estar alrededor de objetos peligrosos.');
INSERT INTO animal VALUES('B00','Cobaya','No deben estar alrededor de otros animales porque pueden ser agresivos.');
INSERT INTO animal VALUES('B01','Camaleon','Les gusta la soledad y se camuflasen utilizando su ambiente.');
INSERT INTO animal VALUES('B02','Lagarto','Son nerviosos, acercar con cuidado.');
INSERT INTO animal VALUES('B03','Arana','Son predadores, no se deben poner alrededor de otros insectos o animales.');
INSERT INTO animal VALUES('B04','Jirafa','Les gusta estar en grupo y son dociles.');
INSERT INTO animal VALUES('B05','Leon','Territoriales y agresivos, solo deben estar en grupos de su propia especie.');
INSERT INTO animal VALUES('B06','Oso','Si no estan en su propio nucleo familiar, deben estar solos.');
INSERT INTO animal VALUES('B07','Elefante','Son sociales pero deben aislarse cuando estan en apareamiento.');
INSERT INTO animal VALUES('B08','Tortuga','Pueden estar en soledad o en grupo, les gusta estar en el sol.');
INSERT INTO animal VALUES('B09','Cocodrilo','Predadores, aislados de todos los animales.');
INSERT INTO animal VALUES('C00','Iguana','Les gusta nadar y son nerviosos.');
INSERT INTO animal VALUES('C01','Delfin','Sociales y juguetones.');
INSERT INTO animal VALUES('C02','Ornitorrinco','Nocturnos, les gusta estar en grupo.');
INSERT INTO animal VALUES('C03','Gallina','Les gusta estar en grupo, son agresivos entre ellos.');
INSERT INTO animal VALUES('C04','Cabra','Tiene cuernos y es tenaz, por lo que no se debe de poner alrededor de otros.');
INSERT INTO animal VALUES('C05','Oveja','No se saben defender, no pueden estar cerca de animales agresivos.');
INSERT INTO animal VALUES('C06','Tigre','Predador agresivo, no deben estar cerca de otros animales.');
INSERT INTO animal VALUES('C07','Mono','Muy sociales, juguetones y carinosos.');
INSERT INTO animal VALUES('C08','Sapo','Viven en grupos y les gusta nadar.');
INSERT INTO animal VALUES('C09','Ciervo','Son timidos y nerviosos, no se saben defender.');
REM ***************************************************************
REM *   Insertar datos tabla: objeto                              *
REM ***************************************************************
INSERT INTO objeto VALUES('1A','Collar');
INSERT INTO objeto VALUES('1B','Bowl de Agua');
INSERT INTO objeto VALUES('1C','Bowl de comida');
INSERT INTO objeto VALUES('1D','Sabana');
INSERT INTO objeto VALUES('1E','Cama');
INSERT INTO objeto VALUES('1F','Leash');
INSERT INTO objeto VALUES('1G','Unas protectivas de gato');
INSERT INTO objeto VALUES('1H','Esmalte de perro');
INSERT INTO objeto VALUES('1I','Tinte de pelo para animales');
INSERT INTO objeto VALUES('1J','Ropa de perro');
INSERT INTO objeto VALUES('1K','Ropa de gato');
INSERT INTO objeto VALUES('1L','Silla de montar caballo');
INSERT INTO objeto VALUES('1M','Cortaunas');
INSERT INTO objeto VALUES('1N','Scratchpad');
INSERT INTO objeto VALUES('1O','Torre de gatoLitter de gato');
INSERT INTO objeto VALUES('1P','Shampoo de perro');
INSERT INTO objeto VALUES('1Q','Shampoo de gato');
INSERT INTO objeto VALUES('1R','Despeluzante de gato');
INSERT INTO objeto VALUES('1S','Maquina de recortar animales');
INSERT INTO objeto VALUES('1T','Peine');
INSERT INTO objeto VALUES('1U','Piscina de animales');
INSERT INTO objeto VALUES('1V','Hueso');
INSERT INTO objeto VALUES('1W','Juguete de gato');
INSERT INTO objeto VALUES('1X','Juguete de perro');
INSERT INTO objeto VALUES('1Y','Gafas de perro');
INSERT INTO objeto VALUES('1Z','Silla de rueda de perro');
INSERT INTO objeto VALUES('2A','Cono para perro');
INSERT INTO objeto VALUES('2B','Cono para gato');
INSERT INTO objeto VALUES('2C','Zapatos de perro');
INSERT INTO objeto VALUES('2D','Zapatos de gato');
REM ***************************************************************
REM *   Insertar datos tabla: condicion                           *
REM ***************************************************************
INSERT INTO condicion VALUES('AB012','Epilepsia','Convulsiones y confusion al momento.');
INSERT INTO condicion VALUES('AB013','Leucemia','Cancer de sangre.');
INSERT INTO condicion VALUES('AC012','Eczema','Inflamacion de la piel y ardor en la misma.');
INSERT INTO condicion VALUES('AC013','Fallo Renal','Propenso a deshidratacion. Dieta especial.');
INSERT INTO condicion VALUES('RT876','Pulgas','Causa inflamacion y perdida de pelo.');
INSERT INTO condicion VALUES('HY895','Garrapatas','Causan malestar intenso y es posible pasarlo a los humanos.');
INSERT INTO condicion VALUES('WD326','Artritis','Inflamacion en las articulaciones y dolor al momento de mover.');
INSERT INTO condicion VALUES('TR457','Parasitos','Causan vomitos, diarrea y dolor abdominal.');
INSERT INTO condicion VALUES('YP988','Moquillo','Parecido al sarampion, necesita antibioticos.');
INSERT INTO condicion VALUES('JA349','Leptospirosis','Causada por una bacteria, necesita antibioticos.');
INSERT INTO condicion VALUES('QW023','Hepatitis','Muy contagiosa, tratamiento intensivo.');
INSERT INTO condicion VALUES('TE002','Parvovirus','Enfermedad virica muy contagiosa.');
INSERT INTO condicion VALUES('WS345','Rabia','Enfermedad mortal, se evita por vacunacion.');
INSERT INTO condicion VALUES('GH641','Brucelosis','Causada por una bacteria, causa esterilidad y aborto espontaneo.');
INSERT INTO condicion VALUES('FD567','Lyme','Causada por una bacteria, se transmite por una garrapata infectada.');
INSERT INTO condicion VALUES('AS578','Traqueobronquitis','Enfermedad respiratoria muy contagiosa.');
INSERT INTO condicion VALUES('RF895','Coronavirus','Generalmente leve pero muy contagiosa, necesita antibioticos.');
INSERT INTO condicion VALUES('UD765','Toxoplasmosis','No presenta sintomas, necesita antibioticos.');
INSERT INTO condicion VALUES('DQ865','Otitis','Infeccion del conducto auditivo.');
INSERT INTO condicion VALUES('QD114','Conjuntivitis','Infalamcion de la membrana conjuntiva.');
INSERT INTO condicion VALUES('WQ345','Alergia cutanea','Es necesario administrar algun antihistaminico.');
INSERT INTO condicion VALUES('QE865','Gastritis aguda','Inflamacion de la pared del estomago, causa vomitos graves.');
INSERT INTO condicion VALUES('AW235','Diarrea','Deposicion de heces liquidas o informes.');
INSERT INTO condicion VALUES('WE456','Leishmaniosis','Enfermedad parasitaria grave, incluso mortal.');
INSERT INTO condicion VALUES('HD333','Sarna demodectica','Fauna habitual de la piel.');
INSERT INTO condicion VALUES('XC534','Mastitis','Endurecimiento de las glandulas mamarias.');
INSERT INTO condicion VALUES('SF477','Diabetes','Falta de insulina o respuesta inadecuada de esta.');
INSERT INTO condicion VALUES('FP864','Tina','Causada por un hongo que infecta la piel y deja calvas.');
INSERT INTO condicion VALUES('WZ768','Gusano del corazon','Parasito que puede instalarse en el corazon y arterias pulmonares.');
INSERT INTO condicion VALUES('HR384','Tos de las perreras','Comparable con un resfriado de pecho.');
REM ***************************************************************
REM *   Insertar datos tabla: encasillado                         *
REM ***************************************************************
INSERT INTO encasillado VALUES(313,'Cama para perro.');
INSERT INTO encasillado VALUES(314,'Cama y scratchpad para gato.');
INSERT INTO encasillado VALUES(315,'Seccion de la finca para caballo.');
INSERT INTO encasillado VALUES(316,'Ramas para serpiente trepar.');
INSERT INTO encasillado VALUES(327,'Cama con heno para conejo.');
INSERT INTO encasillado VALUES(328,'Cama para cabra.');
INSERT INTO encasillado VALUES(329,'Tanque para delfin.');
INSERT INTO encasillado VALUES(330,'Seccion de la finca para vaca.');
INSERT INTO encasillado VALUES(331,'Jaula para guimo con hamster wheel.');
INSERT INTO encasillado VALUES(332,'Jaula para raton.');
INSERT INTO encasillado VALUES(333,'Jaula para huron');
INSERT INTO encasillado VALUES(334,'Jaula para perros grandes.');
INSERT INTO encasillado VALUES(335,'Jaula solitaria para los perros agresivos.');
INSERT INTO encasillado VALUES(336,'Jaula solitaria para los gatos antisociales.');
INSERT INTO encasillado VALUES(337,'Jaula grande para las gatas madres y su gatitos hijos.');
INSERT INTO encasillado VALUES(338,'Seccion de la finca para cerdos.');
INSERT INTO encasillado VALUES(339,'Jaula con ramas para camaleon.');
INSERT INTO encasillado VALUES(340,'Tanque de agua salada para delfines.');
INSERT INTO encasillado VALUES(341,'Seccion de la finca para gallinas.');
INSERT INTO encasillado VALUES(342,'Envoltura con arena y agua salada para tortugas');
INSERT INTO encasillado VALUES(343,'Seccion del area desertico para tigres.');
INSERT INTO encasillado VALUES(344,'Seccion del area desertico para elefantes.');
INSERT INTO encasillado VALUES(345,'Seccion del area desertico para jirafas.');
INSERT INTO encasillado VALUES(346,'Seccion del area tropical para monos.');
INSERT INTO encasillado VALUES(347,'Seccion del area tropical para iguanas.');
INSERT INTO encasillado VALUES(348,'Seccion del area tropical para sapos.');
INSERT INTO encasillado VALUES(349,'Seccion del area de bosque para ciervos.');
INSERT INTO encasillado VALUES(350,'Seccion del area de bosque para osos.');
INSERT INTO encasillado VALUES(351,'Jaula para cobaya.');
INSERT INTO encasillado VALUES(352,'Seccion del area de pantano para cocodrilo.');
REM ***************************************************************
REM *   Insertar datos tabla: dueno                               *
REM ***************************************************************
INSERT INTO dueno VALUES('12311','Jorgan','E','Leyre','Callery','7876756677','jcallery0@baidu.com','1');
INSERT INTO dueno VALUES('12312','Pegeen','G','Cheese','Charlo','7875646633','pcharlo1@dion.ne.jp','2');
INSERT INTO dueno VALUES('12313','Selby','C','Gouldsmith','Scampion','7877674432','sscampion2@google.it','3');
INSERT INTO dueno VALUES('12314','Correna','T','Fehner','Pirolini','9399864735','cpirolini3@google.de','4');
INSERT INTO dueno VALUES('12315','Damita','H','Yare','Gilbank','7878926743','dgilbank4@pen.io','5');
INSERT INTO dueno VALUES('12316','Jerrold','J','O''Lynn','Sirmon','7878267472','jsirmon5@bluehost.com','6');
INSERT INTO dueno VALUES('12317','Dorri','W','Simeon','Hulks','9399836729','dhulks6@studiopress.com','7');
INSERT INTO dueno VALUES('12318','Peadar','H','Prentice','Tull','9390017362','ptull7@yahoo.co.jp','8');
INSERT INTO dueno VALUES('12319','Bella','F','Romke','Morris','7879277193','bmorris8@prweb.com','9');
INSERT INTO dueno VALUES('12320','Mahala','W','Houldcroft','MacCart','7879278267','mmaccart9@admin.ch','10');
INSERT INTO dueno VALUES('12321','Deeyn','F','Saipy','Milton-White','7879871242','dmiltonwhitea@quantcast.com','11');
INSERT INTO dueno VALUES('12322','Odille','S','Harmon','Ferreli','7870872663','oferrelib@lycos.com','12');
INSERT INTO dueno VALUES('12323','Elyssa','D','Massimo','Merigeau','7878937932','emerigeauc@slashdot.org','13');
INSERT INTO dueno VALUES('12324','Emlyn','Q','Clark','Eglese','9394235754','eeglesed@smh.com.au','14');
INSERT INTO dueno VALUES('12325','Ola','E','Brentnall','Cleen','7874574425','ocleene@canalblog.com','15');
INSERT INTO dueno VALUES('12326','Zedekiah','E','Scarre','Boldock','7873567853','zboldockf@bandcamp.com','1');
INSERT INTO dueno VALUES('12327','Roshelle','W','Humbee','Miquelet','9395787654','rmiqueletg@cbslocal.com','2');
INSERT INTO dueno VALUES('12328','Hattie','T','Puddle','Wrennall','7870987623','hwrennallh@tumblr.com','3');
INSERT INTO dueno VALUES('12329','Carl','E','Byfford','Dyke','7878762452','cdykei@latimes.com','4');
INSERT INTO dueno VALUES('12330','Binny','E','Thomelin','Catto','7877345674','bcattoj@eventbrite.com','5');
INSERT INTO dueno VALUES('12331','Hedy','M','Elliss','Fihelly','7877666631','hfihellyk@macromedia.com','6');
INSERT INTO dueno VALUES('12332','Mill','Q','Bowkley','Culvey','7870872224','mculveyl@shop-pro.jp','7');
INSERT INTO dueno VALUES('12333','Ivett','A','Moden','Marr','7877654245','imarrm@furl.net','8');
INSERT INTO dueno VALUES('12334','Gerri','B','Jump','Blown','9390764214','gblownn@bravesites.com','9');
INSERT INTO dueno VALUES('12335','Pamelina','D','Slainey','Spencook','9397454535','pspencooko@bigcartel.com','10');
INSERT INTO dueno VALUES('12336','Garwin','W','Waite','Faulkes','7875532654','gfaulkesp@intel.com','11');
INSERT INTO dueno VALUES('12337','Phyllis','I','Bilton','Pedican','7870876245','ppedicanq@jigsy.com','12');
INSERT INTO dueno VALUES('12338','Cristie','F','Juanico','Pedroni','7878734135','cpedronir@yahoo.com','13');
INSERT INTO dueno VALUES('12339','Case','H','Hallums','Guy','7874346876','cguys@mtv.com','14');
INSERT INTO dueno VALUES('12340','Wald','C','Thorwarth','Alleburton','7870876424','walleburtont@dell.com','15');
REM ***************************************************************
REM *   Insertar datos tabla: comida                              *
REM ***************************************************************
INSERT INTO comida VALUES(886523,'Meow Mix','25 lb',12311);
INSERT INTO comida VALUES(886524,'Friskies Comida Seca','15 lb',12312);
INSERT INTO comida VALUES(886525,'Friskies Treats','1 bolsa',12313);
INSERT INTO comida VALUES(886526,'Purina One','10 lb',12314);
INSERT INTO comida VALUES(886527,'Purina Pro Plan','18 lb',12315);
INSERT INTO comida VALUES(886528,'Royal Canine Comida Mojada','2 latas',12316);
INSERT INTO comida VALUES(886529,'ACANA Comida Mojada','3 latas',12317);
INSERT INTO comida VALUES(886530,'Meow Mix','20 lb',12318);
INSERT INTO comida VALUES(886531,'Royal Canine Comida Mojada','4 latas',12319);
INSERT INTO comida VALUES(886532,'Friskies Comida Mojada','1 lata',12320);
INSERT INTO comida VALUES(886533,'Purina One','15 lb',12321);
INSERT INTO comida VALUES(886534,'Meow Mix','25 lb',12322);
INSERT INTO comida VALUES(886535,'Friskies Comida Seca','15 lb',12323);
INSERT INTO comida VALUES(886536,'Friskies Treats','1 bolsa',12324);
INSERT INTO comida VALUES(886537,'Purina One','10 lb',12325);
INSERT INTO comida VALUES(886538,'Blue Comida en Seco','20 lb',12326);
INSERT INTO comida VALUES(886539,'Arroz y pollo','3 lb',12327);
INSERT INTO comida VALUES(886540,'Vegetales hervidos','1 lb',12328);
INSERT INTO comida VALUES(886541,'Carne Cruda','5 lb',12329);
INSERT INTO comida VALUES(886542,'Purina Pro Plan','10 lb',12330);
INSERT INTO comida VALUES(886543,'Cesar Classics Comida Mojada','3 envases',12331);
INSERT INTO comida VALUES(886544,'Milk Bone Treats','1 caja',12332);
INSERT INTO comida VALUES(886545,'The Honest Kitchen Comida Mojada','3 envases',12333);
INSERT INTO comida VALUES(886546,'ACANA Comida Seca','2 lb',12334);
INSERT INTO comida VALUES(886547,'Blue Buffalo Comida en Seco','10 lb',12335);
INSERT INTO comida VALUES(886548,'Arroz y pollo','3 lb',12336);
INSERT INTO comida VALUES(886549,'Vegetales hervidos','1 lb',12336);
INSERT INTO comida VALUES(886550,'Carne Cruda','5 lb',12337);
INSERT INTO comida VALUES(886551,'Purina Pro Plan','10 lb',12338);
INSERT INTO comida VALUES(886552,'Royal Canine Comida Seca','5 lb',12339);
REM ***************************************************************
REM *   Insertar datos tabla: oficina                             *
REM ***************************************************************
INSERT INTO oficina VALUES
(7865,4921817874,'cmothersole12@chron.com',16);
INSERT INTO oficina VALUES
(7866,7124264823,'mportail13@weather.com',17);
INSERT INTO oficina VALUES
(7867,7624452717,'hcoathup14@home.pl',18);
INSERT INTO oficina VALUES
(7868,2834828857,'rsutch15@oakley.com',19);
INSERT INTO oficina VALUES
(7869,6288331615,'jcalderon16@about.me',20);
INSERT INTO oficina VALUES
(7870,5353681232,'dmcanellye17@uiuc.edu',21);
INSERT INTO oficina VALUES
(7871,8939583320,'droderigo18@fastcompany.com',22);
INSERT INTO oficina VALUES
(7872,7938584322,'evanin19@gmpg.org',23);
INSERT INTO oficina VALUES
(7873,3945818644,'alejeune1a@seattletimes.com',24);
INSERT INTO oficina VALUES
(7874,6181522638,'bjermin1b@google.it',25);
INSERT INTO oficina VALUES
(7875,4899297003,'hchestnutt1c@mysql.com',26);
INSERT INTO oficina VALUES
(7876,9684249416,'ischuchmacher1d@de.vu',27);
INSERT INTO oficina VALUES
(7877,4207668874,'naxelbey1e@house.gov',28);
INSERT INTO oficina VALUES
(7878,1208857499,'thaistwell1f@nih.gov',29);
INSERT INTO oficina VALUES
(7879,2101444349,'vabbay1g@ox.ac.uk',30);
INSERT INTO oficina VALUES
(7880,3165921401,'mtrengrove1h@wikimedia.org',16);
INSERT INTO oficina VALUES
(7881,5233838620,'byanson1i@bing.com',17);
INSERT INTO oficina VALUES
(7882,1638139625,'pjoynson1j@aboutads.info',18);
INSERT INTO oficina VALUES
(7883,4986564011,'hbroinlich1k@sitemeter.com',19);
INSERT INTO oficina VALUES
(7884,5995117580,'varlott1l@canalblog.com',20);
INSERT INTO oficina VALUES
(7885,6144424848,'hbuckleigh1m@tiny.cc',21);
INSERT INTO oficina VALUES
(7886,4524778599,'jcuppitt1n@about.me',22);
INSERT INTO oficina VALUES
(7887,1111976892,'phouston1o@123-reg.co.uk',23);
INSERT INTO oficina VALUES
(7888,8152994430,'ctaylo1p@flavors.me',24);
INSERT INTO oficina VALUES
(7889,3706493199,'dhanner1q@foxnews.com',25);
INSERT INTO oficina VALUES
(7890,2116348422,'blorenzini1r@nydailynews.com',26);
INSERT INTO oficina VALUES
(7891,1661635203,'gcarolan1s@sciencedirect.com',27);
INSERT INTO oficina VALUES
(7892,8686013951,'dschrinel1t@virginia.edu',28);
INSERT INTO oficina VALUES
(7893,1919466178,'ibrownell1u@angelfire.com',29);
INSERT INTO oficina VALUES
(7894,5526311340,'iveltman1v@miitbeian.gov.cn',30);
REM ***************************************************************
REM *   Insertar datos tabla: clinica                             *
REM ***************************************************************
INSERT INTO clinica VALUES
(3228,5203588600,'gbroz2q@alibaba.com',16);
INSERT INTO clinica VALUES
(3229,5453373524,'jmuriel2r@tripadvisor.com',17);
INSERT INTO clinica VALUES
(3230,2811519751,'mralphs2s@uol.com.br',18);
INSERT INTO clinica VALUES
(3231,6017053928,'egiorgetti2t@smh.com.au',19);
INSERT INTO clinica VALUES
(3232,7748219496,'mautin2u@storify.com',20);
INSERT INTO clinica VALUES
(3233,7936439279,'gwestbury2v@ted.com',21);
INSERT INTO clinica VALUES
(3234,3788598848,'ecraister2w@bbb.org',22);
INSERT INTO clinica VALUES
(3235,9256753186,'mtorrisi2x@noaa.gov',23);
INSERT INTO clinica VALUES
(3236,1814669361,'acalltone2y@bbc.co.uk',24);
INSERT INTO clinica VALUES
(3237,8674532225,'tgrendon2z@purevolume.com',25);
INSERT INTO clinica VALUES
(3238,4643741359,'ashervil30@newsvine.com',26);
INSERT INTO clinica VALUES
(3239,3802663782,'lmacgillivrie31@pbs.org',27);
INSERT INTO clinica VALUES
(3240,8527218744,'plohmeyer32@rambler.ru',28);
INSERT INTO clinica VALUES
(3241,8452250787,'aproger33@si.edu',29);
INSERT INTO clinica VALUES
(3242,7332825132,'mkellegher34@bloomberg.com',30);
INSERT INTO clinica VALUES
(3243,5152191049,'plusher35@engadget.com',16);
INSERT INTO clinica VALUES
(3244,2075538147,'fleele36@uiuc.edu',17);
INSERT INTO clinica VALUES
(3245,8836138672,'tcartmael37@4shared.com',18);
INSERT INTO clinica VALUES
(3246,2353114213,'dbrand38@cyberchimps.com',19);
INSERT INTO clinica VALUES
(3247,4774903438,'gbrafferton9@ezinearticles.com',20);
INSERT INTO clinica VALUES
(3248,1756543871,'ffoulgham3a@stumbleupon.com',21);
INSERT INTO clinica VALUES
(3249,5384164159,'krappoport3b@ucoz.ru',22);
INSERT INTO clinica VALUES
(3250,8126772863,'rirnys3c@twitpic.com',23);
INSERT INTO clinica VALUES
(3251,5956823293,'cvearncomb3d@google.co.uk',24);
INSERT INTO clinica VALUES
(3252,1391023724,'ogrose3e@harvard.edu',25);
INSERT INTO clinica VALUES
(3253,5782042072,'cdawks3f@twitpic.com',26);
INSERT INTO clinica VALUES
(3254,8021231672,'bantrum3g@xinhuanet.com',27);
INSERT INTO clinica VALUES
(3255,1281531682,'pkaemena3h@newsvine.com',28);
INSERT INTO clinica VALUES
(3256,2847166433,'etaborre3i@reddit.com',29);
INSERT INTO clinica VALUES
(3257,3467122737,'cleguey3j@chicagotribune.com',30);
REM ***************************************************************
REM *   Insertar datos tabla: departamento                      *
REM ***************************************************************
INSERT INTO departamento VALUES
('Z0','Recursos Humanos','Encargados de administrar los asuntos interpersonales de la compania.',7865);
INSERT INTO departamento VALUES
('Z1','Finanzas','Aseguran que el aspecto financiero de la compania se esta administrando de la manera correcta.',7866);
INSERT INTO departamento VALUES
('Z2','Mercadeo','Intentan atraer a mas clientes mediante anuncios.',7867);
INSERT INTO departamento VALUES
('Z3','Ejecutivo','Toman decisiones importantes.',7868);
INSERT INTO departamento VALUES
('Z4','Manejo de Operaciones','Regulan operaciones.',7869);
INSERT INTO departamento VALUES
('Z5','Information Technology','Trabajan con la tecnologia de la compania.',7870);
INSERT INTO departamento VALUES
('Z6','Junta de Directores','Toman las decisiones mas importantes.',7871);
INSERT INTO departamento VALUES
('Z7','Investigacion','Completan investigaciones.',7872);
INSERT INTO departamento VALUES
('Z8','Manufactura','Se encargan de hacer los productos que necesitan en las clinicas.',7873);
INSERT INTO departamento VALUES
('Z9','Servicio al Cliente','Ayudan a los clientes por si algun problema ocurre.',7874);
INSERT INTO departamento VALUES
('Y0','Legal','Manejan los aspectos legales de la compania.',7875);
INSERT INTO departamento VALUES
('Y1','Entrenamiento','Le dan entrenamiento a los empleados nuevos.',7876);
INSERT INTO departamento VALUES
('Y2','Seguridad','Manejan la seguridad de la compania.',7877);
INSERT INTO departamento VALUES
('Y3','Administracion General','Administran los aspectos de la clinica.',7878);
INSERT INTO departamento VALUES
('Y4','Ventas','Venden comida y objetos de animales.',7879);
INSERT INTO departamento VALUES
('Y5','Distribucion','Distribuyen los articulos de venta y meciamentos a las distinta clinicas.',7880);
INSERT INTO departamento VALUES
('Y6','Compras','Compran los materiales necesarios para nuestras clinica.',7881);
INSERT INTO departamento VALUES
('Y7','Calidad','Aseguran que la clinica este haciendo el trabajo de manera correcta.',7882);
INSERT INTO departamento VALUES
('Y8','Ingenieria','Encargados de crear nuevas herramientas para el uso de las clinicas.',7883);
INSERT INTO departamento VALUES
('Y9','Farmaceutica','Desarrollan y administran los medicamentos para los pacientes.',7884);
INSERT INTO departamento VALUES
('X0','Redes Sociales','Encargados de aumentar nuestra clientela mediante el uso de redes sociales.',7885);
INSERT INTO departamento VALUES
('X1','Mantenimiento','Se encargan de limpiar las facilidades.',7886);
INSERT INTO departamento VALUES
('X2','Diseno de Productos','Disenan nuevas comidas y objetos para nuestros pacientes.',7887);
INSERT INTO departamento VALUES
('X3','Logistica','Analizan nuestro progreso y hacen recomendaciones.',7871);
INSERT INTO departamento VALUES
('X4','Transportacion','Encargados de la transportacion de bienes entre nuestras facilidades.',7872);
INSERT INTO departamento VALUES
('X5','Relaciones Publicas','Regulan la relacion que tiene la compania con su clientela.',7873);
INSERT INTO departamento VALUES
('X6','Inversiones','Encargados de los stocks de la compania.',7874);
INSERT INTO departamento VALUES
('X7','Auditoria','Regulan que la compania siga reglamentos y leyes.',7875);
INSERT INTO departamento VALUES
('X8','Diseno','Disenan nuevos productos, trabajan mano a mano con ingenieria.',7876);
INSERT INTO departamento VALUES
('X9','Contabilidad','Llevan cuenta del flujo de dinero en la compania.',7877);
REM ***************************************************************
REM *   Insertar datos tabla: empleado                            *
REM ***************************************************************
INSERT INTO empleado VALUES
('86734','7873773528','Mortimer','J','Goundry','Robles','C',NULL,'200','1234',NULL,NULL,'05-DEC-1978','mgoundry0@dyndns.org','1','Z0',NULL);
INSERT INTO empleado VALUES
('86735','7874644565','Daisey',NULL,'Lissandrini','Cheese','C',NULL,'650','1235',NULL,NULL,'15-SEP-1950','dlissandrini1@usa.gov','2','Z1',NULL);
INSERT INTO empleado VALUES
('86736','7874564564','Alwin','D','Beavon','Gouldsmith','C',NULL,'850','1236',NULL,NULL,'26-JUL-1961','abeavon2@360.cn','3','Z2',NULL);
INSERT INTO empleado VALUES
('86737','7872454575','Augusto','G','Scatchard','Fehner','C',NULL,'999.99','1237',NULL,NULL,'08-MAY-1987','ascatchard3@diigo.com','4','Z3',NULL);
INSERT INTO empleado VALUES
('86738','7873655634','Faber','W','Scamerdine','Yare','C',NULL,'325','1238',NULL,NULL,'30-SEP-2000','fscamdine4@apache.org','5','Z4',NULL);
INSERT INTO empleado VALUES
('86739','7874563454','Bordy',NULL,'Boycott','OLynn','C',NULL,'765.5','1239',NULL,NULL,'05-JAN-1996','bboycott5@mlb.com','6','Z5',NULL);
INSERT INTO empleado VALUES
('86740','7878641345','Melosa','Y','Lupson','Simeon','C',NULL,'230','1240',NULL,NULL,'26-JUL-1952','mlupson6@vista.com','7','Z6',NULL);
INSERT INTO empleado VALUES
('86741','7874756098','Roland','K','Dunham','Prentice','C',NULL,'768','1241',NULL,NULL,'13-AUG-2001','rdunham7@toplist.cz','8','Z7',NULL);
INSERT INTO empleado VALUES
('86742','7873323145','Idelle','W','Mart','Romke','C',NULL,'433.33','1242',NULL,NULL,'18-FEB-1971','imart8@livejournal.com','9','Z8',NULL);
INSERT INTO empleado VALUES
('86743','7874462345','Barron','R','Endricci','Houldcroft','C',NULL,'545.54','1243',NULL,NULL,'31-AUG-1967','bendricci9@4shared.com','10','Z9',NULL);
INSERT INTO empleado VALUES
('86744','7873551455','Jayson','F','Quaife','Saipy','A','3450',NULL,NULL,NULL,NULL,'13-JUN-1984','jquaifea@deviantart.com','11','Y0',NULL);
INSERT INTO empleado VALUES
('86745','7873562347','Noelani','S','Lempenny','Harmon','A','5600.95',NULL,NULL,NULL,NULL,'19-APR-1991','nlempennyb@hc.com','12','Y1',NULL);
INSERT INTO empleado VALUES
('86746','7879863652','Bianka',NULL,'Skepper','Massimo','A','2098',NULL,NULL,NULL,NULL,'25-MAY-1981','bskepperc@dede.com','13','Y2',NULL);
INSERT INTO empleado VALUES
('86747','7873257976','Nappy','P','Deinhard','Clark','A','4500',NULL,NULL,NULL,NULL,'28-NOV-1975','ndeinhardd@ning.com','14','Y3',NULL);
INSERT INTO empleado VALUES
('86748','7877659876','Gery','T','Brockie','Brentnall','A','1500',NULL,NULL,NULL,NULL,'12-JAN-1970','gbrockiee@name.com','15','Y4',NULL);
INSERT INTO empleado VALUES
('86749','7873451455','Angie','E','Stickney','Scarre','A','7650.5',NULL,NULL,NULL,NULL,'28-JUL-1950','astickneyf@parall.com','1',NULL,'3228');
INSERT INTO empleado VALUES
('86750','7878657737','Theodoric','F','Sheirlaw','Humbee','A','2500',NULL,NULL,NULL,NULL,'27-JUN-1954','tsheirlawg@huff.com','2',NULL,'3229');
INSERT INTO empleado VALUES
('86751','7873565646','Shelbi','M','Woolger','Puddle','A','2500',NULL,NULL,NULL,NULL,'16-OCT-2002','swoolgerh@yellow.com','3',NULL,'3230');
INSERT INTO empleado VALUES
('86752','7877654364','Celka','F','Golde','Byfford','A','4322',NULL,NULL,NULL,NULL,'20-OCT-1984','cgoldei@unblog.fr','4',NULL,'3231');
INSERT INTO empleado VALUES
('86753','7872353572','Costanza','I','Robardet','Thomelin','A','6000',NULL,NULL,NULL,NULL,'16-MAR-1994','crobardetj@usgs.gov','5',NULL,'3232');
INSERT INTO empleado VALUES
('86754','7877654545','Lauren','F','Findley','Elliss','H',NULL,NULL,NULL,'7.25','39','19-NOV-1969','lfindleyk@devhub.com','6',NULL,'3233');
INSERT INTO empleado VALUES
('86755','7873456864','Courtnay','P','Boultwood','Bowkley','H',NULL,NULL,NULL,'8.5','38','08-JUN-1989','cboultwoodl@mit.edu','7',NULL,'3234');
INSERT INTO empleado VALUES
('86756','7874566632','Lazare','P','Cammock','Moden','H',NULL,NULL,NULL,'15','37','19-OCT-1987','lcammockm@ed.gov','8',NULL,'3235');
INSERT INTO empleado VALUES
('86757','7879875924','Hilliard','T','Staggs','Jump','H',NULL,NULL,NULL,'10','45','15-SEP-1954','hstaggsn@forbes.com','9',NULL,'3236');
INSERT INTO empleado VALUES
('86758','7879837495','Cello','R','Dyke','Slainey','H',NULL,NULL,NULL,'27','24','28-AUG-1979','cdykeo@amazon.com','10',NULL,'3237');
INSERT INTO empleado VALUES
('86759','7876475487','Daisi','A','Blaine','Waite','H',NULL,NULL,NULL,'13','23','17-AUG-1988','dblainep@google.co.jp','11',NULL,'3238');
INSERT INTO empleado VALUES
('86760','7875474567','Zechariah','H','Dumper','Bilton','H',NULL,NULL,NULL,'14.5','65','29-DEC-1999','zdumperq@a8.net','12',NULL,'3239');
INSERT INTO empleado VALUES
('86761','7874790455','Idette','E','Burgyn','Juanico','H',NULL,NULL,NULL,'25','36','11-MAR-1981','iburgynr@unblog.fr','13',NULL,'3240');
INSERT INTO empleado VALUES
('86762','7877676436','Emmalee','P','Rissen','Hallums','H',NULL,NULL,NULL,'18','80','07-JAN-1965','erissens@loc.gov','14',NULL,'3241');
INSERT INTO empleado VALUES
('86763','7877685755','Farleigh','K','Borsi','Thorwarth','H',NULL,NULL,NULL,'32','40','25-OCT-1976','fborsit@google.co.uk','15',NULL,'3242');
REM ***************************************************************
REM *   Insertar datos tabla: mascota                             *
REM ***************************************************************
INSERT INTO mascota VALUES
(610873,'Luna','29-OCT-2004','Maine Coon',12311,'A00');
INSERT INTO mascota VALUES
(610874,'Firulais','16-DEC-2009','Persa',12312,'A00');
INSERT INTO mascota VALUES
(610875,'Coco','21-NOV-2005','Esfinge',12313,'A00');
INSERT INTO mascota VALUES
(610876,'Jellybean','03-JAN-2022','Siames',12314,'A00');
INSERT INTO mascota VALUES
(610877,'Jaruby','02-DEC-2006','Bengali',12315,'A00');
INSERT INTO mascota VALUES
(610878,'Nio','07-DEC-2007','Bosque de Noruega',12316,'A00');
INSERT INTO mascota VALUES
(610879,'Shiny','26-MAY-2010','Siberiano',12317,'A00');
INSERT INTO mascota VALUES
(610880,'Nico','24-JUN-2006','Azul Ruso',12318,'A00');
INSERT INTO mascota VALUES
(610881,'Safira','26-OCT-2004','Ragdoll',12319,'A00');
INSERT INTO mascota VALUES
(610882,'Dario','29-AUG-2017','British Shorthair',12320,'A00');
INSERT INTO mascota VALUES
(610883,'Lola','26-DEC-2020','Oriental',12321,'A00');
INSERT INTO mascota VALUES
(610884,'Petunia','17-AUG-2020','Birmano',12322,'A00');
INSERT INTO mascota VALUES
(610885,'Mia','27-DEC-2012','Angora Turco',12323,'A00');
INSERT INTO mascota VALUES
(610886,'Nana','29-JUL-2004','Van Turco',12324,'A00');
INSERT INTO mascota VALUES
(610887,'Simba','27-SEP-2020','Salchicha',12325,'A01');
INSERT INTO mascota VALUES
(610888,'Thor','19-JUL-2009','Pastor Aleman',12326,'A01');
INSERT INTO mascota VALUES
(610889,'Max','01-DEC-2019','Shitzu',12327,'A01');
INSERT INTO mascota VALUES
(610890,'Rocky','28-FEB-2015','Shiba Inu',12328,'A01');
INSERT INTO mascota VALUES
(610891,'Leo','30-APR-2010','Doberman',12329,'A01');
INSERT INTO mascota VALUES
(610892,'Lucas','18-OCT-2016','Basset hound',12330,'A01');
INSERT INTO mascota VALUES
(610893,'Bruno','29-MAR-2016','Border collie',12331,'A01');
INSERT INTO mascota VALUES
(610894,'Noa','19-OCT-2016','Boxer',12332,'A01');
INSERT INTO mascota VALUES
(610895,'Kira','23-MAY-2017','Poodle',12333,'A01');
INSERT INTO mascota VALUES
(610896,'Bimbo','16-JUN-2011','Golden Retriever',12334,'A01');
INSERT INTO mascota VALUES
(610897,'Choco','22-MAR-2014','Chihuahua',12335,'A01');
INSERT INTO mascota VALUES
(610898,'Lima','30-NOV-2015','Pug',12336,'A01');
INSERT INTO mascota VALUES
(610899,'Sushi','20-JUL-2020','Pomeranian',12336,'A01');
INSERT INTO mascota VALUES
(610900,'Trufa','22-SEP-2019','Maltese',12337,'A01');
INSERT INTO mascota VALUES
(610901,'Oreo','17-JUN-2014','Rottweiler',12338,'A01');
INSERT INTO mascota VALUES
(610902,'Loki','29-OCT-2020','Sato',12339,'A01');
REM ***************************************************************
REM *   Insertar datos tabla: reservacion                         *
REM ***************************************************************
INSERT INTO reservacion VALUES
(1,'21-JAN-2022','18-FEB-2022',610873,314);
INSERT INTO reservacion VALUES
(2,'26-JAN-2022','27-MAR-2022',610874,314);
INSERT INTO reservacion VALUES
(3,'31-JAN-2022',NULL,610875,314);
INSERT INTO reservacion VALUES
(4,'14-JAN-2022','30-APR-2022',610876,336);
INSERT INTO reservacion VALUES
(5,'02-JAN-2022','15-MAY-2022',610877,336);
INSERT INTO reservacion VALUES
(6,'04-JAN-2022','17-APR-2022',610878,336);
INSERT INTO reservacion VALUES
(7,'29-JAN-2022','14-FEB-2022',610879,337);
INSERT INTO reservacion VALUES
(8,'15-JAN-2022','20-APR-2022',610880,337);
INSERT INTO reservacion VALUES
(9,'13-JAN-2022','15-MAY-2022',610881,337);
INSERT INTO reservacion VALUES
(10,'03-JAN-2022','16-MAY-2022',610882,314);
INSERT INTO reservacion VALUES
(11,'15-JAN-2022',NULL,610883,336);
INSERT INTO reservacion VALUES
(12,'09-JAN-2022','30-APR-2022',610884,336);
INSERT INTO reservacion VALUES
(13,'16-JAN-2022','15-MAY-2022',610885,336);
INSERT INTO reservacion VALUES
(14,'05-JAN-2022','17-APR-2022',610886,337);
INSERT INTO reservacion VALUES
(15,'06-JAN-2022','14-MAR-2022',610887,337);
INSERT INTO reservacion VALUES
(16,'27-JAN-2022','22-APR-2022',610888,313);
INSERT INTO reservacion VALUES
(17,'04-JAN-2022','05-APR-2022',610889,313);
INSERT INTO reservacion VALUES
(18,'04-JAN-2022','05-MAY-2022',610890,313);
INSERT INTO reservacion VALUES
(19,'01-JAN-2022','30-APR-2022',610891,334);
INSERT INTO reservacion VALUES
(20,'11-JAN-2022',NULL,610892,334);
INSERT INTO reservacion VALUES
(21,'24-JAN-2022','28-FEB-2022',610893,334);
INSERT INTO reservacion VALUES
(22,'22-JAN-2022','24-MAR-2022',610894,335);
INSERT INTO reservacion VALUES
(23,'02-JAN-2022','26-MAR-2022',610895,335);
INSERT INTO reservacion VALUES
(24,'06-JAN-2022','27-MAR-2022',610896,335);
INSERT INTO reservacion VALUES
(25,'23-JAN-2022','13-MAR-2022',610897,334);
INSERT INTO reservacion VALUES
(26,'04-JAN-2022','25-FEB-2022',610898,335);
INSERT INTO reservacion VALUES
(27,'22-JAN-2022','14-FEB-2022',610899,313);
INSERT INTO reservacion VALUES
(28,'07-JAN-2022','20-APR-2022',610900,313);
INSERT INTO reservacion VALUES
(29,'20-JAN-2022','15-MAY-2022',610901,334);
INSERT INTO reservacion VALUES
(30,'28-JAN-2022','20-MAY-2022',610902,313);
REM ***************************************************************
REM *   Insertar datos tabla: record                              *
REM ***************************************************************
INSERT INTO record VALUES(3228,610873);
INSERT INTO record VALUES(3229,610874);
INSERT INTO record VALUES(3230,610875);
INSERT INTO record VALUES(3231,610876);
INSERT INTO record VALUES(3232,610877);
INSERT INTO record VALUES(3233,610878);
INSERT INTO record VALUES(3234,610879);
INSERT INTO record VALUES(3235,610880);
INSERT INTO record VALUES(3236,610881);
INSERT INTO record VALUES(3237,610882);
INSERT INTO record VALUES(3238,610883);
INSERT INTO record VALUES(3239,610884);
INSERT INTO record VALUES(3240,610885);
INSERT INTO record VALUES(3241,610886);
INSERT INTO record VALUES(3242,610887);
INSERT INTO record VALUES(3243,610888);
INSERT INTO record VALUES(3244,610889);
INSERT INTO record VALUES(3245,610890);
INSERT INTO record VALUES(3246,610891);
INSERT INTO record VALUES(3247,610892);
INSERT INTO record VALUES(3248,610893);
INSERT INTO record VALUES(3249,610894);
INSERT INTO record VALUES(3250,610895);
INSERT INTO record VALUES(3251,610896);
INSERT INTO record VALUES(3252,610897);
INSERT INTO record VALUES(3253,610898);
INSERT INTO record VALUES(3254,610899);
INSERT INTO record VALUES(3255,610900);
INSERT INTO record VALUES(3256,610901);
INSERT INTO record VALUES(3257,610902);
REM ***************************************************************
REM *   Insertar datos tabla: mascota-comida                      *
REM ***************************************************************
INSERT INTO mascotacomida VALUES(610873,886523);
INSERT INTO mascotacomida VALUES(610873,886524);
INSERT INTO mascotacomida VALUES(610873,886525);
INSERT INTO mascotacomida VALUES(610876,886526);
INSERT INTO mascotacomida VALUES(610877,886527);
INSERT INTO mascotacomida VALUES(610878,886528);
INSERT INTO mascotacomida VALUES(610879,886529);
INSERT INTO mascotacomida VALUES(610880,886530);
INSERT INTO mascotacomida VALUES(610881,886531);
INSERT INTO mascotacomida VALUES(610882,886532);
INSERT INTO mascotacomida VALUES(610883,886533);
INSERT INTO mascotacomida VALUES(610884,886534);
INSERT INTO mascotacomida VALUES(610885,886535);
INSERT INTO mascotacomida VALUES(610886,886536);
INSERT INTO mascotacomida VALUES(610887,886537);
INSERT INTO mascotacomida VALUES(610888,886538);
INSERT INTO mascotacomida VALUES(610889,886539);
INSERT INTO mascotacomida VALUES(610890,886540);
INSERT INTO mascotacomida VALUES(610891,886541);
INSERT INTO mascotacomida VALUES(610892,886542);
INSERT INTO mascotacomida VALUES(610892,886543);
INSERT INTO mascotacomida VALUES(610892,886544);
INSERT INTO mascotacomida VALUES(610892,886545);
INSERT INTO mascotacomida VALUES(610896,886546);
INSERT INTO mascotacomida VALUES(610897,886547);
INSERT INTO mascotacomida VALUES(610898,886548);
INSERT INTO mascotacomida VALUES(610899,886549);
INSERT INTO mascotacomida VALUES(610900,886550);
INSERT INTO mascotacomida VALUES(610901,886551);
INSERT INTO mascotacomida VALUES(610902,886552);
REM ***************************************************************
REM *   Insertar datos tabla: mascota-objeto                      *
REM ***************************************************************
INSERT INTO mascotaobjeto VALUES(610873,'1A');
INSERT INTO mascotaobjeto VALUES(610874,'1B');
INSERT INTO mascotaobjeto VALUES(610874,'1C');
INSERT INTO mascotaobjeto VALUES(610876,'1D');
INSERT INTO mascotaobjeto VALUES(610877,'1E');
INSERT INTO mascotaobjeto VALUES(610878,'1F');
INSERT INTO mascotaobjeto VALUES(610879,'1S');
INSERT INTO mascotaobjeto VALUES(610880,'1T');
INSERT INTO mascotaobjeto VALUES(610881,'1A');
INSERT INTO mascotaobjeto VALUES(610882,'1B');
INSERT INTO mascotaobjeto VALUES(610883,'1C');
INSERT INTO mascotaobjeto VALUES(610884,'1D');
INSERT INTO mascotaobjeto VALUES(610885,'1E');
INSERT INTO mascotaobjeto VALUES(610886,'1F');
INSERT INTO mascotaobjeto VALUES(610887,'1S');
INSERT INTO mascotaobjeto VALUES(610888,'1T');
INSERT INTO mascotaobjeto VALUES(610889,'1D');
INSERT INTO mascotaobjeto VALUES(610890,'1E');
INSERT INTO mascotaobjeto VALUES(610891,'1F');
INSERT INTO mascotaobjeto VALUES(610892,'1S');
INSERT INTO mascotaobjeto VALUES(610893,'1T');
INSERT INTO mascotaobjeto VALUES(610894,'1A');
INSERT INTO mascotaobjeto VALUES(610895,'1B');
INSERT INTO mascotaobjeto VALUES(610896,'1C');
INSERT INTO mascotaobjeto VALUES(610897,'1D');
INSERT INTO mascotaobjeto VALUES(610898,'1E');
INSERT INTO mascotaobjeto VALUES(610899,'1F');
INSERT INTO mascotaobjeto VALUES(610900,'1D');
INSERT INTO mascotaobjeto VALUES(610901,'1E');
INSERT INTO mascotaobjeto VALUES(610902,'1F');
REM ***************************************************************
REM *   Insertar datos tabla: mascota-condicion                   *
REM ***************************************************************
INSERT INTO mascotacondicion VALUES(610873,'AB012');
INSERT INTO mascotacondicion VALUES(610874,'AB013');
INSERT INTO mascotacondicion VALUES(610875,'AC012');
INSERT INTO mascotacondicion VALUES(610876,'AC013');
INSERT INTO mascotacondicion VALUES(610877,'RT876');
INSERT INTO mascotacondicion VALUES(610878,'HY895');
INSERT INTO mascotacondicion VALUES(610879,'WD326');
INSERT INTO mascotacondicion VALUES(610880,'TR457');
INSERT INTO mascotacondicion VALUES(610881,'YP988');
INSERT INTO mascotacondicion VALUES(610882,'JA349');
INSERT INTO mascotacondicion VALUES(610883,'QW023');
INSERT INTO mascotacondicion VALUES(610884,'TE002');
INSERT INTO mascotacondicion VALUES(610885,'WS345');
INSERT INTO mascotacondicion VALUES(610886,'GH641');
INSERT INTO mascotacondicion VALUES(610887,'FD567');
INSERT INTO mascotacondicion VALUES(610888,'AS578');
INSERT INTO mascotacondicion VALUES(610889,'RF895');
INSERT INTO mascotacondicion VALUES(610890,'UD765');
INSERT INTO mascotacondicion VALUES(610891,'DQ865');
INSERT INTO mascotacondicion VALUES(610892,'QD114');
INSERT INTO mascotacondicion VALUES(610893,'WQ345');
INSERT INTO mascotacondicion VALUES(610894,'QE865');
INSERT INTO mascotacondicion VALUES(610895,'AW235');
INSERT INTO mascotacondicion VALUES(610896,'WE456');
INSERT INTO mascotacondicion VALUES(610897,'HD333');
INSERT INTO mascotacondicion VALUES(610898,'XC534');
INSERT INTO mascotacondicion VALUES(610899,'SF477');
INSERT INTO mascotacondicion VALUES(610900,'FP864');
INSERT INTO mascotacondicion VALUES(610901,'WZ768');
INSERT INTO mascotacondicion VALUES(610902,'HR384');
COMMIT;